Vehicle_ID,Frame_ID,Total_Frames,Global_Time,local_x(m),local_y(m),v_Vel(m),v_Acc(m),H_v_Vel(m),H_v_Acc(m),Space_Headway(m),Time_Headway
589,1412,441,1118847120100,1.8883332,10.9182852,4.820292,0.0,,,6.485652000000001,1.35
589,1413,441,1118847120200,2.0406828,11.227302,4.820292,0.0,1.5234959999999995,,6.177252,1.28
589,1414,441,1118847120300,2.1933408,11.5366272,4.820292,0.0,1.5265800000000018,0.0154200000000104,5.865768,1.22
589,1415,441,1118847120400,2.3459988000000003,11.845644,4.820292,0.0,1.5265800000000018,0.0,5.557368,1.15
589,1416,441,1118847120500,2.4977316000000003,12.3091692,4.820292,0.0,1.517328,0.046260000000009,5.100936,1.06
589,1417,441,1118847120600,2.6380536,12.7705356,4.820292,3.444828,1.4032199999999984,0.5705400000000083,4.675344,0.97
589,1418,441,1118847120700,2.797188,13.2763116,5.13486,2.670744,1.5913439999999968,0.940619999999992,4.218912,0.82
589,1419,441,1118847120800,2.9483040000000003,13.8027504,5.403168,2.7139200000000003,1.5111600000000047,0.4009199999999602,3.734724,0.69
589,1420,441,1118847120900,3.1000368,14.357562,5.6653080000000005,2.565888,1.5173279999999956,0.0308399999999542,3.198108,0.56
589,1421,441,1118847121000,3.2514612,14.9395128,5.899692,2.152632,1.5142440000000024,0.015419999999966,2.618316,0.44
589,1422,441,1118847121100,3.4065864,15.5455188,6.066228000000001,1.316868,1.5512520000000007,0.1850399999999918,2.013852,0.33
589,1423,441,1118847121200,3.557394,16.1644776,6.158748,0.456432,1.5080759999999982,0.2158800000000127,1.393968,0.23
589,1424,441,1118847121300,3.70851,16.786828800000002,6.183420000000001,-0.0771,1.5111600000000005,0.0154200000000104,7.8642,1.27
589,1425,441,1118847121400,3.859626,17.4039372,6.186503999999999,0.043176,1.5111600000000005,0.0,8.169516,1.32
589,1426,441,1118847121500,4.0104336,18.0188868,6.223512,0.650724,1.5080759999999982,0.0154200000000104,8.487168,1.36
589,1427,441,1118847121600,4.164942,18.6400044,6.325284000000001,1.353876,1.545084000000001,0.185040000000014,8.786316,1.39
589,1428,441,1118847121700,4.292928,19.2743832,6.488736,1.992264,1.279859999999999,1.3261200000000084,9.05154,1.39
589,1429,441,1118847121800,4.405494,19.9306584,6.704616,2.3592600000000004,1.1256600000000017,0.7709999999999884,9.285924,1.39
589,1430,441,1118847121900,4.494313200000001,20.6122224,6.942084,2.448696,0.8881920000000054,1.1873399999999812,9.504888,1.37
589,1431,441,1118847122000,4.5526008,21.3190752,7.179552,2.362344,0.58287599999999,1.526580000000077,9.723852,1.35
589,1432,441,1118847122100,4.587141600000001,22.052142,7.392348,1.918248,0.3454080000000115,1.1873399999998924,9.924312,1.34
589,1433,441,1118847122200,4.6062624,22.8049464,7.549632,1.29528,0.191207999999996,0.7710000000000772,10.081596,1.34
589,1434,441,1118847122300,4.598860800000001,23.5670028,7.685328000000001,1.21818,0.0740159999999967,1.326119999999964,10.183368000000002,1.33
589,1435,441,1118847122400,4.5945432,24.3370776,7.861116,2.029272,0.0431760000000025,0.154199999999971,10.241964,1.3
589,1436,441,1118847122500,4.579123200000001,25.124731200000003,8.12634,3.327636,0.1541999999999976,0.5551199999999756,10.238880000000002,1.26
589,1437,441,1118847122600,4.5701796,25.9530936,8.437824,3.3307200000000003,0.0894360000000027,0.3238199999999747,10.189536,1.21
589,1438,441,1118847122700,4.570488,26.8209312,8.69688,2.072448,0.0030839999999976,0.4626000000000019,10.127856,1.16
589,1439,441,1118847122800,4.5775812,27.7069644,8.885004,1.289112,0.0709319999999991,0.3392400000000073,10.078512,1.13
589,1440,441,1118847122900,4.5754224,28.6037916,9.017616,1.190424,0.0215880000000012,0.4626000000000019,10.029168000000002,1.11
589,1441,441,1118847123000,4.5868332,29.5104876,9.122472,1.221264,0.1141080000000016,0.6784800000000146,9.96132,1.09
589,1442,441,1118847123100,4.5979356000000005,30.431678400000003,9.218076,0.6815640000000001,0.111024000000004,0.0154199999999882,9.8688,1.07
589,1443,441,1118847123200,4.6093464,31.3621212,9.261252,0.055512,0.1141079999999927,0.0154199999999438,9.76086,1.05
589,1444,441,1118847123300,4.6204488,32.292564,9.227328,-0.57054,0.111024000000004,0.0154199999999438,9.646752,1.05
589,1445,441,1118847123400,4.6318596,33.2202312,9.100884,-1.813392,0.1141080000000016,0.0154199999999882,9.520308,1.05
589,1446,441,1118847123500,4.6546812,34.1281608,8.881920000000001,-2.800272,0.2282159999999944,0.5705399999999639,9.412368,1.06
589,1447,441,1118847123600,4.6642416,35.0034,8.610528,-2.831112,0.0956040000000069,0.6630599999999376,9.363024,1.09
589,1448,441,1118847123700,4.6639332,35.8477992,8.345304,-2.414772,0.0030840000000065,0.4934400000000671,9.387696,1.12
589,1449,441,1118847123800,4.6734936000000005,36.6699936,8.092416,-2.473368,0.0956040000000069,0.4934400000000671,9.474048,1.17
589,1450,441,1118847123900,4.6944648,37.464432,7.873452,-2.137212,0.2097119999999996,0.5705399999999639,9.60666,1.22
589,1451,441,1118847124000,4.6960068,38.229264,7.777848,-0.222048,0.0154199999999971,0.9714600000000128,9.773196,1.26
589,1452,441,1118847124100,4.6910724,38.9870028,7.901208,2.679996,0.0493439999999978,0.3238199999999747,9.9459,1.26
589,1453,441,1118847124200,4.6950816,39.7900764,8.243532,3.45408,0.040091999999996,0.4471799999999692,10.063092,1.22
589,1454,441,1118847124300,4.7055672,40.6350924,8.678376,3.45408,0.1048559999999998,0.3238200000000191,10.124772,1.17
589,1455,441,1118847124400,4.7330148,41.5220508,9.048456,3.0994200000000003,0.2744760000000035,0.8481000000000183,10.134024,1.12
589,1456,441,1118847124500,4.7444256000000005,42.4487928,9.3291,2.245152,0.1141080000000016,0.8018400000000092,10.109352,1.08
589,1457,441,1118847124600,4.7515188,43.397122800000005,9.526476,1.7301240000000002,0.0709319999999991,0.2158800000000127,10.075428,1.06
589,1458,441,1118847124700,4.7672472,44.3651904,9.634416,0.66306,0.1572839999999953,0.431759999999981,10.035336,1.04
589,1459,441,1118847124800,4.7792748000000005,45.3452856,9.588156,-1.4217240000000002,0.1202760000000058,0.1850399999999474,9.99216,1.04
589,1460,441,1118847124900,4.8027132,46.310886,9.353772,-3.444828,0.2343839999999986,0.5705399999999639,9.989076,1.07
589,1461,441,1118847125000,4.8190584,47.226834,8.992944,-3.45408,0.1634519999999995,0.3546599999999955,10.063092,1.12
589,1462,441,1118847125100,4.8239928,48.101764800000005,8.699964,-2.279076,0.0493439999999978,0.5705400000000083,10.19262,1.17
589,1463,441,1118847125200,4.8209088,48.9390708,8.647536,1.051644,0.030840000000003,0.4009200000000046,10.365324,1.2
589,1464,441,1118847125300,4.8215256,49.7979648,8.922012,3.45408,0.0061680000000041,0.1850400000000363,10.504104000000002,1.18
589,1465,441,1118847125400,4.8317028,50.7274824,9.538812,3.45408,0.1017720000000022,0.4780199999999901,10.556532,1.11
589,1466,441,1118847125500,4.835712,51.7266984,10.368408,3.45408,0.040091999999996,0.3084000000000308,10.541112,1.02
589,1467,441,1118847125600,4.8461976,52.8036312,11.201088,3.45408,0.1048559999999998,0.3238200000000191,10.482516,0.94
589,1468,441,1118847125700,4.861926,53.9481036,11.854896,3.45408,0.1572840000000042,0.2621400000000218,10.399248,0.88
589,1469,441,1118847125800,4.858225200000001,55.1628912,12.215724,1.810308,0.0370079999999983,0.9714600000000128,10.288224,0.84
589,1470,441,1118847125900,4.8483564,56.4054348,12.336,0.234384,0.0986880000000045,0.3084000000000308,10.186452,0.83
589,1471,441,1118847126000,4.8391044,57.643044,12.348336,-0.086352,0.0925200000000003,0.0308400000000208,10.097016,0.82
589,1472,441,1118847126100,4.8292356000000005,58.8760272,12.35142,0.129528,0.0986879999999956,0.0308399999999764,10.019916,0.81
589,1473,441,1118847126200,4.8196752,60.1154868,12.329832,-0.379332,0.0956040000000069,0.0154199999999438,9.911976,0.8
589,1474,441,1118847126300,4.8101148,61.3589556,12.175631999999998,-2.337672,0.095603999999998,4.440892098500626e-14,9.757776,0.8
589,1475,441,1118847126400,4.812582,62.5641828,11.808636,-3.45408,0.0246719999999989,0.6013799999999847,9.609744,0.81
589,1476,441,1118847126500,4.8091896,63.710814000000006,11.222676,-3.45408,0.0339240000000007,0.2929799999999982,9.49872,0.85
589,1477,441,1118847126600,4.8051804,64.7966904,10.504104000000002,-3.45408,0.040091999999996,0.0308399999999764,9.427788,0.9
589,1478,441,1118847126700,4.8082644,65.8184196,9.862632,-3.45408,0.0308399999999942,0.3546599999999511,9.381528,0.95
589,1479,441,1118847126800,4.790685600000001,66.785562,9.430872,-3.0469920000000004,0.17578799999999,1.0331399999999211,9.338352,0.99
589,1480,441,1118847126900,4.8147408,67.6956504,9.23658,-0.47802,0.2405519999999938,2.08169999999992,9.338352,1.01
589,1481,441,1118847127000,4.8391044,68.602038,9.289008,1.560504,0.2436360000000004,0.0154200000000326,9.347604,1.01
589,1482,441,1118847127100,4.8684024,69.5383404,9.446292,1.74246,0.2929799999999982,0.2467199999999891,9.338352,0.99
589,1483,441,1118847127200,4.8668604,70.486362,9.634416,2.214312,0.0154199999999971,1.5419999999999767,9.31368,0.97
589,1484,441,1118847127300,4.8640848000000005,71.4605976,10.029168000000002,3.45408,0.0277559999999965,0.0616799999999972,9.261252,0.92
589,1485,441,1118847127400,4.8622344,72.500214,10.602792,3.45408,0.0185040000000036,0.0462599999999646,9.14406,0.86
589,1486,441,1118847127500,4.883514000000001,73.5894828,11.21034,3.45408,0.2127960000000062,1.1565000000000492,8.98986,0.8
589,1487,441,1118847127600,4.8721032,74.7287124,11.700696,3.108672,0.1141080000000105,1.6345200000000837,8.801736,0.75
589,1488,441,1118847127700,4.8573,75.9370236,11.901156000000002,0.203544,0.1480319999999935,0.1696199999999148,8.570436,0.72
589,1489,441,1118847127800,4.8421884,77.1296064,11.91966,0.040092,0.151116,0.0154200000000326,8.37306,0.7
589,1490,441,1118847127900,4.8273852,78.3240396,11.898072,-0.32382,0.1480320000000023,0.0154199999999882,8.18802,0.69
589,1491,441,1118847128000,4.812582,79.5227904,11.762376,-1.998432,0.1480320000000023,0.0,7.999896000000001,0.68
589,1492,441,1118847128100,4.807956,80.6940936,11.447808,-3.45408,0.0462600000000001,0.508860000000011,7.824108000000001,0.68
589,1493,441,1118847128200,4.81104,81.809268,10.938948,-3.45408,0.030840000000003,0.3855000000000164,7.688412,0.7
589,1494,441,1118847128300,4.814124,82.87232279999999,10.328316,-3.45408,0.0308399999999942,4.4426268219766036e-14,7.592808000000001,0.74
589,1495,441,1118847128400,4.8184416,83.8844916,9.825624,-3.45408,0.0431760000000025,0.0616800000000417,7.561968,0.77
589,1496,441,1118847128500,4.8236844,84.836214,9.551148,-1.319952,0.0524280000000043,0.046260000000009,7.608228,0.8
589,1497,441,1118847128600,4.8292356000000005,85.7703576,9.495636,0.6784800000000001,0.055512000000002,0.0154199999999882,7.672992,0.81
589,1498,441,1118847128700,4.8329364,86.72300519999999,9.535728,0.505776,0.0370079999999983,0.0925200000000181,7.706916,0.81
589,1499,441,1118847128800,4.829544,87.6876804,9.520308,-0.8326800000000001,0.0339240000000007,0.3546599999999955,7.697664,0.81
589,1500,441,1118847128900,4.8113484,88.6400196,9.42162,-1.415556,0.1819560000000031,0.7401600000000119,7.676076,0.81
589,1501,441,1118847129000,4.7521356,89.5710792,9.3291,-0.672312,0.5921280000000007,2.050859999999988,7.651403999999999,0.82
589,1502,441,1118847129100,4.6771944,90.4913448,9.332184000000002,0.752496,0.749411999999996,0.7864199999999766,7.614396,0.82
589,1503,441,1118847129200,4.6176732000000005,91.4245632,9.418536,1.242852,0.5952119999999983,0.7709999999999884,7.552715999999999,0.8
589,1504,441,1118847129300,4.5991692,92.3793696,9.464796,0.086352,0.1850400000000007,2.050859999999988,7.481784000000001,0.79
589,1505,441,1118847129400,4.6041036,93.3378768,9.387696,-1.7054520000000002,0.0493439999999978,1.171919999999993,7.432440000000001,0.79
589,1506,441,1118847129500,4.6059540000000005,94.2751044,9.193404,-2.553552,0.0185040000000036,0.154199999999971,7.423188000000001,0.81
589,1507,441,1118847129600,4.5920760000000005,95.1796416,8.968271999999999,-2.103288,0.1387800000000005,0.786420000000021,7.447859999999999,0.83
589,1508,441,1118847129700,4.5868332,96.0622824,8.77398,-1.597512,0.0524280000000043,0.431759999999981,7.491036,0.85
589,1509,441,1118847129800,4.5852912,96.9335124,8.585856,-1.970676,0.0154199999999971,0.1850400000000363,7.543464,0.88
589,1510,441,1118847129900,4.5948516,97.787472,8.351472,-2.76018,0.095603999999998,0.5551199999999756,7.614396,0.91
589,1511,441,1118847130000,4.593618,98.6096664,8.086248,-2.812608,0.0123359999999994,0.5396999999999874,7.725420000000001,0.96
589,1512,441,1118847130100,4.5794316,99.3982452,7.8642,-1.813392,0.1418639999999982,0.6476399999999938,7.854948,1.0
589,1513,441,1118847130200,4.5778896,100.1673948,7.737756,-0.60138,0.0154200000000059,0.6322199999999611,7.97214,1.03
589,1514,441,1118847130300,4.5757308,100.933152,7.700748,0.04626,0.0215880000000012,0.0308399999999764,8.08008,1.05
589,1515,441,1118847130400,4.5741888,101.7029184,7.706916,0.0771,0.0154199999999971,0.0308400000000208,8.191104,1.06
589,1516,441,1118847130500,4.5723384000000005,102.4745352,7.71,0.0,0.0185039999999947,0.0154199999999882,8.332968,1.08
589,1517,441,1118847130600,4.570488,103.2455352,7.71,0.0,0.0185040000000036,4.440892098500626e-14,8.493336,1.1
589,1518,441,1118847130700,4.5686376,104.0165352,7.71,0.0,0.0185040000000036,0.0,8.662956,1.12
589,1519,441,1118847130800,4.5667872,104.7875352,7.71,0.0,0.0185039999999947,4.440892098500626e-14,8.875752,1.15
589,1520,441,1118847130900,4.5649368,105.5585352,7.71,0.0,0.0185040000000036,4.440892098500626e-14,9.125556,1.18
589,1521,441,1118847131000,4.5633948,106.3357032,7.651403999999999,-0.943704,0.0154199999999971,0.0154200000000326,9.409284,1.23
589,1522,441,1118847131100,4.561236,107.1005352,7.515708,-1.764048,0.0215880000000012,0.0308400000000208,9.726936,1.29
589,1523,441,1118847131200,4.559694,107.8388448,7.420103999999999,-0.8481000000000001,0.0154199999999971,0.0308400000000208,10.072344,1.36
589,1524,441,1118847131300,4.56432,108.5672856,7.413936,0.767916,0.0462600000000001,0.3083999999999864,10.427004,1.41
589,1525,441,1118847131400,4.5809736,109.3037448,7.506456,1.7301240000000002,0.1665359999999971,0.6013799999999847,10.769328000000002,1.43
589,1526,441,1118847131500,4.5976272,110.0642592,7.669908,1.41864,0.1665359999999971,0.0,11.08698,1.45
589,1527,441,1118847131600,4.613972400000001,110.8408104,7.821024,1.32612,0.1634520000000083,0.0154199999999438,11.389212,1.46
589,1528,441,1118847131700,4.626,111.623838,7.990644,2.137212,0.1202759999999969,0.2158800000000571,11.685276,1.46
589,1529,441,1118847131800,4.642962,112.430304,8.221944,2.553552,0.1696199999999947,0.2467199999999891,11.956668,1.45
589,1530,441,1118847131900,4.6602324,113.2648344,8.477916,2.6214,0.1727040000000013,0.0154200000000326,12.203388,1.44
589,1531,441,1118847132000,4.6793532,114.1258872,8.736972,2.5597200000000004,0.1912080000000049,0.0925200000000181,12.419268,1.42
589,1532,441,1118847132100,4.698474,115.0153128,8.968271999999999,2.14338,0.191207999999996,4.440892098500626e-14,12.604308,1.41
589,1533,441,1118847132200,4.7228376,115.9281768,9.137892,1.323036,0.2436360000000004,0.2621400000000218,12.76776,1.4
589,1534,441,1118847132300,4.7428836,116.8546104,9.224244,0.40092,0.2004599999999978,0.2158800000000127,12.93738,1.4
589,1535,441,1118847132400,4.7626212,117.7822776,9.248916,-0.052428,0.1973760000000002,0.0154199999999882,13.150176,1.42
589,1536,441,1118847132500,4.7823588,118.7043936,9.276672,0.407088,0.1973760000000002,0.0,13.406148,1.45
589,1537,441,1118847132600,4.8020964,119.6280516,9.363024,1.3292039999999998,0.1973760000000002,0.0,13.696044,1.46
589,1538,441,1118847132700,4.817516400000001,120.5652792,9.532644,2.137212,0.1542000000000065,0.2158799999999683,13.976688,1.47
589,1539,441,1118847132800,4.8378708,121.5259452,9.763944,2.553552,0.2035439999999955,0.2467199999999448,14.220324,1.46
589,1540,441,1118847132900,4.8585336,122.5146756,10.019916,2.618316,0.206628000000002,0.0154200000000326,14.436204000000002,1.44
589,1541,441,1118847133000,4.8807384,123.5299284,10.278972,2.5597200000000004,0.2220479999999991,0.0770999999999855,14.652084,1.43
589,1542,441,1118847133100,4.9032516,124.573554,10.510272,2.14338,0.2251319999999967,0.0154199999999882,14.874132,1.42
589,1543,441,1118847133200,4.9306992,125.6403096,10.679892,1.3292039999999998,0.2744760000000035,0.2467200000000335,15.099264,1.41
589,1544,441,1118847133300,4.9538292,126.7209432,10.766244,0.40092,0.2313000000000009,0.2158800000000127,15.318228,1.42
589,1545,441,1118847133400,4.9772676,127.8031188,10.790916,-0.064764,0.2343839999999986,0.0154199999999882,15.537192,1.44
589,1546,441,1118847133500,5.000089200000001,128.8785096,10.82484,0.530448,0.2282160000000033,0.0308399999999764,15.756156,1.46
589,1547,441,1118847133600,5.0229108,129.9545172,10.951284,1.918248,0.2282159999999944,4.440892098500626e-14,15.978204000000002,1.46
589,1548,441,1118847133700,5.034321600000001,131.04964560000002,11.21034,3.318384,0.1141080000000105,0.5705399999999194,16.178664,1.44
589,1549,441,1118847133800,5.0519004,132.1882584,11.561916,3.45408,0.17578799999999,0.3083999999998976,16.335948,1.41
589,1550,441,1118847133900,5.083665600000001,133.36202880000002,11.916576,3.327636,0.317652000000006,0.7093200000000799,16.450056,1.38
589,1551,441,1118847134000,5.1222156000000005,134.5792836,12.172548,1.924416,0.3854999999999986,0.3392399999999629,16.502484,1.36
589,1552,441,1118847134100,5.148738,135.8153508,12.30516,0.60138,0.2652239999999928,0.6013800000000291,16.539492000000003,1.34
589,1553,441,1118847134200,5.174952,137.0538852,12.342168,-0.040092,0.262140000000004,0.0154199999999438,16.601172,1.34
589,1554,441,1118847134300,5.2014744,138.28902720000002,12.332916,-0.1542,0.2652240000000017,0.0154199999999882,16.709112,1.35
589,1555,441,1118847134400,5.2279968000000006,139.5204684,12.323664,-0.033924,0.2652240000000017,0.0,16.857143999999998,1.37
589,1556,441,1118847134500,5.2542108,140.7485172,12.360672,0.607548,0.2621399999999951,0.0154200000000326,17.017512,1.38
589,1557,441,1118847134600,5.2807332,141.9793416,12.493284,1.915164,0.2652240000000017,0.0154200000000326,17.180964,1.38
589,1558,441,1118847134700,5.2949196,143.2283616,12.755424,3.404736,0.1418639999999982,0.6168000000000173,17.319744,1.36
589,1559,441,1118847134800,5.3158908,144.5227164,13.113168000000002,3.45408,0.2097119999999996,0.3392400000000073,17.409180000000003,1.33
589,1560,441,1118847134900,5.3510484,145.8556212,13.43082,2.717004,0.3515759999999979,0.7093199999999911,17.464692,1.3
589,1561,441,1118847135000,5.3929908,147.22954320000002,13.55418,-0.018504,0.4194239999999993,0.3392400000000073,17.480112000000002,1.29
589,1562,441,1118847135100,5.434933200000001,148.6077828,13.375308,-3.45408,0.4194240000000082,4.440892098500626e-14,17.489364000000002,1.31
589,1563,441,1118847135200,5.4700908,149.9190996,12.9528,-3.45408,0.3515759999999979,0.3392400000000517,17.560296,1.36
589,1564,441,1118847135300,5.4916788,151.1952588,12.591972,-2.9267160000000003,0.2158799999999949,0.6784800000000146,17.668236,1.4
589,1565,441,1118847135400,5.5114164,152.4100464,12.545712,1.810308,0.1973760000000002,0.0925199999999737,17.853276,1.42
589,1566,441,1118847135500,5.542564800000001,153.6714024,12.878784,3.45408,0.3114840000000107,0.5705400000000527,18.022896,1.4
589,1567,441,1118847135600,5.5857408,154.9901208,13.47708,3.45408,0.4317599999999899,0.6013799999998959,18.161676,1.35
589,1568,441,1118847135700,5.6242908,156.3643512,14.06304,3.45408,0.3854999999999986,0.2312999999999565,18.25728,1.3
589,1569,441,1118847135800,5.6757936,157.7885424,14.47938,3.306048,0.5150280000000063,0.6476400000000382,18.309708,1.26
589,1570,441,1118847135900,5.7016992,159.2663952,14.716848,1.3292039999999998,0.2590559999999975,1.2798600000000435,18.325128,1.25
589,1571,441,1118847136000,5.724829199999999,160.7535,14.8032,0.135696,0.231299999999992,0.1387800000000272,18.352884,1.24
589,1572,441,1118847136100,5.747650800000001,162.2356704,14.815536,0.027756,0.2282160000000122,0.0154199999998994,18.402228,1.24
589,1573,441,1118847136200,5.7707808,163.7178408,14.812452,-0.01542,0.231299999999992,0.0154199999998994,18.448488,1.25
589,1574,441,1118847136300,5.7939108,165.20402040000002,14.763108,-0.795672,0.2313000000000009,4.440892098500626e-14,18.463908,1.25
589,1575,441,1118847136400,5.8188912,166.684032,14.621244,-1.979928,0.2498040000000045,0.092520000000018,18.45774,1.26
589,1576,441,1118847136500,5.850347999999999,168.13875480000002,14.423868,-2.3099160000000003,0.3145679999999906,0.3238199999999304,18.466992,1.28
589,1577,441,1118847136600,5.8596,169.5617124,14.27892,-0.946788,0.0925200000000092,1.1102399999999069,18.516336,1.3
589,1578,441,1118847136700,5.879646,170.97264239999998,14.272752,0.928284,0.2004599999999978,0.539699999999943,18.608856000000003,1.3
589,1579,441,1118847136800,5.9003088,172.3989924,14.377608,1.60368,0.206628000000002,0.0308400000000208,18.713712,1.3
589,1580,441,1118847136900,5.930840400000001,173.8487808,14.497884,0.89436,0.3053160000000066,0.4934400000000227,18.803148,1.3
589,1581,441,1118847137000,5.925906,175.3093632,14.550312,0.0,0.0493440000000067,1.7733000000000665,18.870996,1.3
589,1582,441,1118847137100,5.9080188,176.7680952,14.52564,-0.511944,0.1788720000000054,0.6476399999999938,18.93576,1.3
589,1583,441,1118847137200,5.8990752,178.222818,14.430036,-1.2305160000000002,0.0894359999999938,0.4471800000000581,19.003608,1.32
589,1584,441,1118847137300,5.907402,179.6636628,14.275836,-1.905912,0.0832679999999985,0.8635199999999621,19.102296,1.34
589,1585,441,1118847137400,5.9080188,181.078602,14.137056,-1.313784,0.0061679999999952,0.3855000000000164,19.231824,1.36
589,1586,441,1118847137500,5.8867392,182.4728784,14.118552,0.7370760000000001,0.2127959999999973,1.094819999999963,19.379856,1.37
589,1587,441,1118847137600,5.8491144,183.87579,14.266584,2.5597200000000004,0.3762479999999968,0.8172599999999974,19.518636,1.37
589,1588,441,1118847137700,5.8278348,185.3157096,14.485548,2.306832,0.2127960000000062,0.817259999999953,19.620408,1.35
589,1589,441,1118847137800,5.8167324,186.787086,14.621244,0.530448,0.1110239999999951,0.5088600000000554,19.69134,1.35
589,1590,441,1118847137900,5.79792,188.2590792,14.649,-0.441012,0.1881239999999984,0.3855000000000164,19.762272,1.35
589,1591,441,1118847138000,5.7710892000000005,189.7162692,14.673672,0.558204,0.2683079999999993,0.4009200000000046,19.84554,1.35
589,1592,441,1118847138100,5.7368568,191.178702,14.778528,1.7794679999999998,0.3423240000000049,0.3700800000000281,19.925724,1.35
589,1593,441,1118847138200,5.71311,192.6658068,14.914224,1.4463960000000002,0.2374679999999962,0.5242800000000436,19.981236000000003,1.34
589,1594,441,1118847138300,5.7020076,194.1729576,14.994408,0.104856,0.111024000000004,0.6322199999999611,20.01516,1.33
589,1595,441,1118847138400,5.6878212,195.6794916,14.985156000000002,-0.66306,0.1418639999999982,0.154199999999971,20.049084,1.34
589,1596,441,1118847138500,5.6733264000000005,197.1696804,14.966652,0.1542,0.1449479999999958,0.0154199999999882,20.101512000000003,1.34
589,1597,441,1118847138600,5.663766,198.65586,15.071508,1.797972,0.0956040000000069,0.2467199999999448,20.157024,1.34
589,1598,441,1118847138700,5.6415612,200.1611604,15.330564,3.429408,0.2220479999999991,0.6322199999999611,20.194032,1.32
589,1599,441,1118847138800,5.6242908,201.7154964,15.712980000000002,3.45408,0.1727040000000013,0.2467199999999891,20.181696,1.28
589,1600,441,1118847138900,5.6153472,203.308074,16.147824,3.45408,0.0894359999999938,0.4163400000000372,20.132352,1.25
589,1601,441,1118847139000,5.611646400000001,204.9404352,16.533324,3.420156,0.0370079999999983,0.2621399999999774,20.042916,1.21
589,1602,441,1118847139100,5.6138052,206.6205984,16.795464,1.933668,0.0215879999999923,0.2929799999999538,19.904136,1.19
589,1603,441,1118847139200,5.6030112,208.3186488,16.93116,0.635304,0.1079399999999974,0.6476399999999494,19.746852,1.17
589,1604,441,1118847139300,5.5925256,210.0200916,16.971252,-0.024672,0.1048559999999998,0.0154199999999882,19.589568,1.15
589,1605,441,1118847139400,5.5817316,211.7175252,16.965084,-0.080184,0.1079399999999974,0.0154199999999882,19.432284,1.15
589,1606,441,1118847139500,5.5709376,213.4131084,16.962,0.0,0.1079400000000063,4.440892098500626e-14,19.275,1.14
589,1607,441,1118847139600,5.5601436,215.1099252,16.955832,-0.083268,0.1079399999999974,4.440892098500626e-14,19.117716,1.13
589,1608,441,1118847139700,5.5499664,216.8045832,16.952748,-0.018504,0.1017720000000022,0.0308399999999764,18.98202,1.12
589,1609,441,1118847139800,5.538864,218.4964656,16.983588,0.527364,0.1110239999999951,0.0462599999999646,18.870996,1.11
589,1610,441,1118847139900,5.528378399999999,220.19266560000003,17.079192000000003,1.307616,0.1048560000000087,0.030839999999932,18.763056,1.1
589,1611,441,1118847140000,5.51265,221.904594,17.211804,1.606764,0.1572839999999953,0.262139999999933,18.633528,1.08
589,1612,441,1118847140100,5.506790400000001,223.6353348,17.353668000000003,1.286028,0.0585959999999907,0.4934400000000227,18.48858,1.07
589,1613,441,1118847140200,5.495688,225.3790284,17.477028,1.026972,0.111024000000004,0.2621400000000662,18.374472,1.05
589,1614,441,1118847140300,5.4845856,227.1298152,17.600388,1.369296,0.111024000000004,0.0,18.291204,1.04
589,1615,441,1118847140400,5.469165600000001,228.8950968,17.745336,1.643772,0.1541999999999888,0.2158799999999239,18.238776,1.03
589,1616,441,1118847140500,5.4623808,230.6828916,17.853276,0.811092,0.0678480000000103,0.4317599999998922,18.201768,1.02
589,1617,441,1118847140600,5.450970000000001,232.482714,17.850192,-0.81726,0.1141079999999927,0.2312999999999121,18.155508,1.02
589,1618,441,1118847140700,5.445418800000001,234.2735928,17.708328,-2.242068,0.055512000000002,0.2929799999999538,18.078408,1.02
589,1619,441,1118847140800,5.4336996,236.0360988,17.477028,-2.556636,0.1171920000000081,0.3084000000000308,17.982804,1.03
589,1620,441,1118847140900,5.422597199999999,237.7634472,17.291988,-1.390884,0.111024000000004,0.0308400000000208,17.881032,1.03
589,1621,441,1118847141000,5.4074856,239.4719832,17.267316,0.715488,0.1511159999999911,0.2004599999999357,17.751504,1.03
589,1622,441,1118847141100,5.3818884,241.1882292,17.436936,2.812608,0.2559719999999998,0.5242800000000436,17.584968,1.01
589,1623,441,1118847141200,5.357833200000001,242.9421,17.74842,3.45408,0.2405519999999938,0.0771000000000299,17.375256,0.98
589,1624,441,1118847141300,5.3458056,244.735446,18.084576,3.195024,0.1202760000000058,0.6013799999999403,17.125452,0.95
589,1625,441,1118847141400,5.3328528,246.5698092,18.325128,1.693116,0.1295279999999987,0.0462599999999646,16.841724,0.92
589,1626,441,1118847141500,5.2961532,248.4229848,18.405312,-0.10794,0.3669960000000039,1.1873400000000256,16.567248,0.9
589,1627,441,1118847141600,5.2579116,250.27523520000005,18.306624,-1.899744,0.382416000000001,0.0770999999999855,16.32978,0.89
589,1628,441,1118847141700,5.2338564000000005,252.1052808,18.053736,-3.213528,0.2405519999999938,0.7093200000000355,16.141656,0.89
589,1629,441,1118847141800,5.2098012,253.8961596,17.739168000000003,-3.37698,0.2405520000000027,4.440892098500626e-14,15.996708,0.9
589,1630,441,1118847141900,5.1635412,255.6463296,17.47086,-2.2297320000000003,0.4626000000000019,1.1102399999999957,15.888768,0.91
589,1631,441,1118847142000,5.128692,257.372136,17.319744,-0.706236,0.3484920000000002,0.5705400000000083,15.802416,0.91
589,1632,441,1118847142100,5.1419532,259.096092,17.261148,-0.172704,0.1326119999999964,2.4055199999999832,15.719148,0.91
589,1633,441,1118847142200,5.1552144,260.8249824,17.202552,-0.838848,0.1326120000000052,4.440892098500626e-14,15.632796,0.91
589,1634,441,1118847142300,5.1558312,262.54708800000003,17.079192000000003,-1.723956,0.0061679999999952,0.63222000000005,15.549528,0.91
589,1635,441,1118847142400,5.1397944,264.2497644,16.894152000000002,-2.11254,0.1603679999999929,0.8326799999999412,15.475512,0.92
589,1636,441,1118847142500,5.131776,265.9262268,16.706028,-1.745544,0.0801840000000009,0.4009199999999602,15.416916,0.92
589,1637,441,1118847142600,5.133626400000001,267.58079280000004,16.595004,-0.641472,0.0185040000000036,0.4934400000000227,15.376824,0.93
589,1638,441,1118847142700,5.137635599999999,269.2313496,16.567248,0.234384,0.0400919999999871,0.1079399999999175,15.3429,0.93
589,1639,441,1118847142800,5.1413364,270.89177520000004,16.54566,-0.255972,0.0370080000000072,0.0154199999998994,15.302808,0.92
589,1640,441,1118847142900,5.1505884,272.55559320000003,16.425384,-2.0046,0.0925200000000003,0.2775599999999656,15.256548,0.93
589,1641,441,1118847143000,5.1690924,274.19844,16.166328,-3.45408,0.1850400000000007,0.4626000000000019,15.23496,0.94
589,1642,441,1118847143100,5.1663168,275.7981108,15.824004,-3.45408,0.0277560000000054,1.063980000000031,15.253464,0.96
589,1643,441,1118847143200,5.157064800000001,277.35645600000004,15.531024,-2.433276,0.0925199999999915,0.3238199999999303,15.31206,0.99
589,1644,441,1118847143300,5.1607656,278.8870452,15.367572,-0.872772,0.0370079999999983,0.6476399999999494,15.401496,1.0
589,1645,441,1118847143400,5.1663168,280.4117748,15.330564,0.26214,0.0555119999999931,0.0925199999999737,15.4971,1.01
589,1646,441,1118847143500,5.1789612,281.9429808,15.361404,0.582876,0.1264440000000011,0.3546600000000399,15.595788,1.02
589,1647,441,1118847143600,5.191914000000001,283.4840556,15.40458,0.271392,0.1295280000000076,0.0154200000000326,15.694476,1.02
589,1648,441,1118847143700,5.204558400000001,285.02790600000003,15.42,0.0,0.1264440000000011,0.0154200000000326,15.796248,1.02
589,1649,441,1118847143800,5.2175112,286.569906,15.42,-0.009252,0.1295279999999898,0.0154199999999438,15.904188,1.03
589,1650,441,1118847143900,5.2301556,288.11159760000004,15.42,0.0,0.1264440000000011,0.0154199999999438,16.015212000000002,1.04
589,1651,441,1118847144000,5.243416799999999,289.653906,15.413832,-0.074016,0.1326119999999964,0.0308399999999764,16.123152,1.05
589,1652,441,1118847144100,5.2560612,291.1946724,15.410748,-0.006168,0.12644400000001,0.030839999999932,16.234176,1.05
589,1653,441,1118847144200,5.2687056,292.7320464,15.447756000000002,0.573624,0.1264439999999922,8.881784197001252e-14,16.348284,1.06
589,1654,441,1118847144300,5.2816584,294.27404640000003,15.552612,1.4649,0.1295280000000076,0.015420000000077,16.456224,1.06
589,1655,441,1118847144400,5.2887516,295.8327,15.712980000000002,1.97376,0.0709319999999991,0.2929800000000426,16.548744,1.05
589,1656,441,1118847144500,5.304171600000001,297.4175676,15.870264,1.363128,0.1542000000000065,0.4163400000000372,16.613508,1.05
589,1657,441,1118847144600,5.3124984,299.0209392,15.925776,-0.126444,0.0832679999999896,0.3546600000000843,16.659768,1.05
589,1658,441,1118847144700,5.3004708,300.6196848,15.873348,-1.128744,0.1202759999999969,1.0177199999999331,16.709112,1.05
589,1659,441,1118847144800,5.2794996,302.1993096,15.8055,-0.622968,0.2097119999999996,0.4471800000000137,16.780044,1.06
589,1660,441,1118847144900,5.258220000000001,303.7650564,15.839424,1.18734,0.2127959999999973,0.0154199999999882,16.863312,1.06
589,1661,441,1118847145000,5.2357068,305.3428308,16.0368,2.9452200000000004,0.2251320000000056,0.0616800000000417,16.934244,1.06
589,1662,441,1118847145100,5.2205952,306.9606972,16.311276,2.942136,0.151116,0.3700800000000281,16.968168000000002,1.04
589,1663,441,1118847145200,5.2276884,308.6195808,16.483980000000003,0.872772,0.0709319999999991,1.1102399999999957,16.958916000000002,1.03
589,1664,441,1118847145300,5.236940400000001,310.29049200000003,16.43772,-1.884324,0.0925200000000092,0.1079400000000507,16.934244,1.03
589,1665,441,1118847145400,5.2532856,311.9354976,16.181748,-3.45408,0.1634519999999906,0.3546599999999067,16.934244,1.05
589,1666,441,1118847145500,5.2486596,313.5367104,15.848676,-3.373896,0.0462600000000001,1.048559999999954,16.97742,1.07
589,1667,441,1118847145600,5.238790799999999,315.095364,15.586536,-1.939836,0.0986880000000045,0.2621400000000218,17.060688,1.09
589,1668,441,1118847145700,5.241258,316.6355136,15.45084,-0.629136,0.0246720000000078,0.6168000000000617,17.159376,1.11
589,1669,441,1118847145800,5.243416799999999,318.1722708,15.413832,0.018504,0.0215879999999923,0.015420000000077,17.258064,1.12
589,1670,441,1118847145900,5.2455756,319.71303720000003,15.413832,0.067848,0.0215880000000012,4.440892098500626e-14,17.350584,1.13
589,1671,441,1118847146000,5.2480428,321.255654,15.42,0.0,0.0246720000000078,0.0154200000000326,17.443104,1.13
589,1672,441,1118847146100,5.250509999999999,322.7973456,15.42,0.0,0.02467199999999,8.881784197001252e-14,17.535624,1.14
589,1673,441,1118847146200,5.2526688,324.3393456,15.42,0.0,0.0215880000000101,0.0154199999998994,17.628144,1.14
589,1674,441,1118847146300,5.255136,325.8813456,15.42,0.0,0.0246719999999989,0.0154199999999438,17.723748,1.15
589,1675,441,1118847146400,5.257603199999999,327.4233456,15.42,0.0,0.02467199999999,4.440892098500626e-14,17.813184,1.16
589,1676,441,1118847146500,5.259762,328.9653456,15.42,0.0,0.0215880000000101,0.0154199999998994,17.896452,1.16
589,1677,441,1118847146600,5.2622292,330.5073456,15.42,0.0,0.0246719999999989,0.0154199999999438,17.967384,1.17
589,1678,441,1118847146700,5.264696400000001,332.0493456,15.42,0.0,0.0246720000000078,4.440892098500626e-14,18.032148,1.17
589,1679,441,1118847146800,5.2668552,333.5913456,15.42,0.0,0.0215879999999923,0.015420000000077,18.090744,1.17
589,1680,441,1118847146900,5.2693224,335.1333456,15.42,0.0,0.0246719999999989,0.0154200000000326,18.152424,1.18
589,1681,441,1118847147000,5.271789600000001,336.6753456,15.42,0.0,0.0246720000000078,4.440892098500626e-14,18.214104000000003,1.18
589,1682,441,1118847147100,5.2739484,338.2173456,15.42,0.0,0.0215879999999923,0.015420000000077,18.275784,1.19
589,1683,441,1118847147200,5.276415600000001,339.7593456,15.42,0.0,0.0246720000000078,0.015420000000077,18.340548,1.19
589,1684,441,1118847147300,5.278882800000001,341.3013456,15.42,0.0,0.0246719999999989,4.440892098500626e-14,18.405312,1.19
589,1685,441,1118847147400,5.2810416,342.8430372,15.42,0.006168,0.0215879999999923,0.0154200000000326,18.476244,1.2
589,1686,441,1118847147500,5.283508800000001,344.3850372,15.42,0.006168,0.0246720000000078,0.015420000000077,18.56568,1.2
589,1687,441,1118847147600,5.2856676,345.9273456,15.42,0.0,0.0215879999999923,0.015420000000077,18.682872,1.21
589,1688,441,1118847147700,5.2881348,347.4693456,15.42,0.0,0.0246719999999989,0.0154200000000326,18.824736,1.22
589,1689,441,1118847147800,5.2902936,349.0113456,15.42,0.0,0.0215880000000012,0.0154199999999882,18.978936,1.23
589,1690,441,1118847147900,5.2927608,350.5533456,15.42,0.0,0.0246719999999989,0.0154199999999882,19.13622,1.24
589,1691,441,1118847148000,5.295228000000001,352.0953456,15.42,0.0,0.0246720000000078,4.440892098500626e-14,19.293504,1.25
589,1692,441,1118847148100,5.297695200000001,353.6379624,15.413832,-0.0771,0.0246719999999989,4.440892098500626e-14,19.447704,1.26
589,1693,441,1118847148200,5.3001624000000005,355.17749520000007,15.42,0.111024,0.0246719999999989,0.0,19.601904,1.27
589,1694,441,1118847148300,5.302321200000001,356.715486,15.478596,0.87894,0.0215880000000012,0.0154199999999882,19.75302,1.28
589,1695,441,1118847148400,5.3047884000000005,358.2599532,15.626628,2.044692,0.0246719999999989,0.0154199999999882,19.904136,1.27
589,1696,441,1118847148500,5.290602000000001,359.82477480000006,15.8826,3.1796040000000003,0.1418639999999982,0.8326799999999857,20.067588,1.26
589,1697,441,1118847148600,5.2816584,361.427838,16.218756000000003,3.45408,0.0894360000000027,0.2621399999999774,20.237208000000003,1.25
589,1698,441,1118847148700,5.2862844,363.068526,16.548744,3.170352,0.0462600000000001,0.6784800000000146,20.412996,1.23
589,1699,441,1118847148800,5.29677,364.7471472,16.798548,1.9275,0.1048559999999998,0.2929799999999982,20.594952,1.23
589,1700,441,1118847148900,5.2943028000000005,366.445506,16.93116,0.6260519999999999,0.0246719999999989,0.6476399999999938,20.795412,1.23
589,1701,441,1118847149000,5.292144,368.1466404,16.971252,-0.021588,0.0215880000000012,0.0154199999999882,20.992788,1.24
589,1702,441,1118847149100,5.2896768000000005,369.844074,16.968168000000002,-0.070932,0.0246719999999989,0.0154199999999882,21.174744,1.25
589,1703,441,1118847149200,5.287518,371.5399656,16.962,0.0,0.0215880000000012,0.0154199999999882,21.328944,1.26
589,1704,441,1118847149300,5.2850508000000005,373.2367824,16.955832,-0.086352,0.0246719999999989,0.0154199999999882,21.44922,1.27
589,1705,441,1118847149400,5.282892,374.9308236,16.958916000000002,0.064764,0.0215880000000012,0.0154199999999882,21.544824,1.27
589,1706,441,1118847149500,5.2804248000000005,376.621164,17.023680000000002,0.996132,0.0246719999999989,0.0154199999999882,21.612672,1.27
589,1707,441,1118847149600,5.2776492,378.3176724,17.211804,2.655324,0.0277560000000054,0.0154200000000326,21.64968,1.26
589,1708,441,1118847149700,5.2529772,380.0502636,17.551044,3.45408,0.246719999999998,1.0948199999999633,21.625008,1.23
589,1709,441,1118847149800,5.2292304,381.8294232,18.001307999999998,3.45408,0.2374680000000051,0.0462599999999648,21.535572,1.2
589,1710,441,1118847149900,5.210418,383.6489832,18.429984,3.45408,0.1881239999999984,0.2467200000000335,21.396792,1.16
589,1711,441,1118847150000,5.1925308,385.5222048,18.682872,1.415556,0.1788719999999966,0.046260000000009,21.211752,1.14
589,1712,441,1118847150100,5.1598404,387.4163976,18.695208,-1.347708,0.326903999999999,0.7401600000000119,21.014376,1.12
589,1713,441,1118847150200,5.1416448,389.2893108,18.516336,-2.686164,0.1819560000000031,0.7247399999999793,20.838588,1.13
589,1714,441,1118847150300,5.1175896000000005,391.1227488,18.306624,-1.825728,0.2405519999999938,0.2929799999999538,20.702892,1.13
589,1715,441,1118847150400,5.1074124,392.9352156,18.189432,-0.441012,0.1017720000000022,0.6938999999999584,20.5857,1.13
589,1716,441,1118847150500,5.1095712,394.7513832,18.1185,-0.511944,0.0215880000000012,0.6168000000000173,20.465424,1.13
589,1717,441,1118847150600,5.1135804,396.56385,18.035232,-1.17192,0.040091999999996,0.0925199999999737,20.348232000000003,1.13
589,1718,441,1118847150700,5.1120384,398.35966320000006,17.970468,-0.6815640000000001,0.0154199999999971,0.2775599999999656,20.249544,1.13
589,1719,441,1118847150800,5.0966184,400.139748,18.019812,1.492656,0.1542000000000065,0.6939000000000473,20.166276,1.12
589,1720,441,1118847150900,5.086132800000001,401.9371032,18.2727,3.45408,0.1048559999999909,0.246720000000078,20.067588,1.1
589,1721,441,1118847151000,5.0990856,403.7847276,18.661284,3.45408,0.1295279999999987,1.1719199999999486,19.919556,1.07
589,1722,441,1118847151100,5.1397944,405.6705936,19.000524,2.9267160000000003,0.4070879999999999,1.3878000000000057,19.716012,1.04
589,1723,441,1118847151200,5.1808116,407.5971684,19.210236,1.150332,0.4101719999999975,0.0154199999999882,19.450788,1.01
589,1724,441,1118847151300,5.2178196,409.5326868,19.284252,0.012336,0.3700800000000015,0.2004599999999801,19.142388,0.99
589,1725,441,1118847151400,5.255136,411.4614204,19.287336,0.0,0.3731639999999991,0.0154199999999882,18.821652,0.98
589,1726,441,1118847151500,5.2924524,413.3907708,19.278084,-0.070932,0.3731639999999991,0.0,18.485496,0.96
589,1727,441,1118847151600,5.329460399999999,415.3259808,19.1979,-1.258272,0.3700799999999926,0.0154200000000326,18.143172,0.95
589,1728,441,1118847151700,5.370477600000001,417.25193880000006,18.969684,-3.22278,0.4101720000000153,0.2004600000001133,17.807016,0.94
589,1729,441,1118847151800,5.4176628,419.1273192,18.568764,-3.45408,0.4718519999999859,0.3083999999998532,17.507868000000002,0.94
589,1730,441,1118847151900,5.4426432,420.9564396,18.0414,-3.45408,0.2498040000000045,1.1102399999999069,17.242644,0.96
589,1731,441,1118847152000,5.4605304,422.7355992,17.514036,-3.45408,0.1788719999999966,0.3546600000000398,17.0391,0.97
589,1732,441,1118847152100,5.4562128,424.4684988,17.113116,-3.2258640000000005,0.0431759999999936,1.1102399999999513,16.903404000000002,0.99
589,1733,441,1118847152200,5.458063200000001,426.1505124,16.881816,-1.26444,0.0185040000000036,0.3083999999999864,16.847892,1.0
589,1734,441,1118847152300,5.463614400000001,427.8229656,16.8078,0.009252,0.055512000000002,0.1850399999999918,16.817052,1.0
589,1735,441,1118847152400,5.469165600000001,429.5022036,16.810884,0.160368,0.055512000000002,0.0,16.789296,1.0
589,1736,441,1118847152500,5.4747168,431.1885348,16.786212,-0.515028,0.0555119999999931,4.440892098500626e-14,16.767708,1.0
589,1737,441,1118847152600,5.4805764,432.8690064,16.696776,-1.245936,0.0585959999999996,0.0154200000000326,16.76154,1.0
589,1738,441,1118847152700,5.490445200000001,434.53128240000007,16.604256000000003,-0.980712,0.0986880000000045,0.2004600000000245,16.780044,1.01
589,1739,441,1118847152800,5.4944544,436.1790636,16.582668,0.35466,0.040091999999996,0.2929800000000426,16.820136,1.01
589,1740,441,1118847152900,5.4750252,437.8296204,16.672104,1.671528,0.1942920000000025,1.171919999999993,16.887984,1.01
589,1741,441,1118847153000,5.4407928,439.502382,16.841724,1.936752,0.3423240000000049,0.7401600000000119,16.97742,1.01
589,1742,441,1118847153100,5.404401600000001,441.2010492,16.995924,1.2305160000000002,0.3639119999999884,0.1079399999999175,17.08536,1.01
589,1743,441,1118847153200,5.353824,442.91174400000006,17.08536,0.518112,0.5057760000000044,0.7093200000000799,17.221056,1.01
589,1744,441,1118847153300,5.304171600000001,444.6258312000001,17.119284,0.064764,0.4965239999999937,0.0462600000000534,17.36292,1.01
589,1745,441,1118847153400,5.2545192,446.3396100000001,17.1162,-0.132612,0.4965240000000115,8.881784197001252e-14,17.504784,1.02
589,1746,441,1118847153500,5.2048668,448.0503048,17.103864,-0.10794,0.4965240000000026,4.440892098500626e-14,17.643564,1.03
589,1747,441,1118847153600,5.1552144,449.7579156,17.1162,0.259056,0.4965239999999937,4.440892098500626e-14,17.785428,1.04
589,1748,441,1118847153700,5.1027864,451.4646012,17.202552,1.261356,0.5242799999999992,0.1387800000000272,17.930376,1.04
589,1749,441,1118847153800,5.0528256,453.1826976,17.387592,2.494956,0.4996080000000002,0.1233599999999948,18.059904,1.04
589,1750,441,1118847153900,5.0142756,454.9294752,17.6559,3.090168,0.3854999999999986,0.5705400000000079,18.152424,1.03
589,1751,441,1118847154000,4.999472399999999,456.7138776,17.924208,2.494956,0.1480320000000112,1.1873399999999368,18.186348,1.01
589,1752,441,1118847154100,4.9963884,458.5266528,18.109248,1.261356,0.0308399999999942,0.5859600000000853,18.174012,1.0
589,1753,441,1118847154200,4.9954632000000005,460.3511472,18.192516,0.26214,0.0092519999999929,0.1079400000000063,18.137004,1.0
589,1754,441,1118847154300,4.9917624,462.1747164,18.207936,-0.104856,0.0370080000000072,0.1387800000000716,18.106164,0.99
589,1755,441,1118847154400,4.988370000000001,463.9942764,18.204852,0.01542,0.0339239999999918,0.015420000000077,18.093828,0.99
589,1756,441,1118847154500,4.9846692,465.8147616,18.201768,0.0,0.0370080000000072,0.015420000000077,18.081492,0.99
589,1757,441,1118847154600,4.981276800000001,467.6386392,18.16476,-0.592128,0.0339239999999918,0.015420000000077,18.066072,0.99
589,1758,441,1118847154700,4.9754172,469.4591244,18.047568,-1.671528,0.0585960000000085,0.1233600000000834,18.053736,1.0
589,1759,441,1118847154800,4.986828000000001,471.2635728,17.82552,-2.831112,0.1141080000000105,0.8635200000000953,18.05682,1.01
589,1760,441,1118847154900,4.9966968000000005,473.0350224,17.53254,-3.22278,0.0986879999999956,0.0771000000000743,18.093828,1.03
589,1761,441,1118847155000,4.9911456,474.7636044,17.295072,-1.887408,0.055512000000002,0.7709999999999884,18.170928,1.05
589,1762,441,1118847155100,4.993921200000001,476.4665892,17.25498,0.8326800000000001,0.0277560000000054,0.4163400000000372,18.275784,1.06
589,1763,441,1118847155200,4.9973136,478.1809848,17.433852,3.084,0.0339239999999918,0.030839999999932,18.371388,1.05
589,1764,441,1118847155300,5.0259948,479.936706,17.720664,3.2382,0.2868120000000029,1.2644400000000555,18.420732,1.04
589,1765,441,1118847155400,5.0611524,481.734678,17.967384,1.723956,0.3515759999999979,0.3238199999999747,18.433068,1.03
589,1766,441,1118847155500,5.0969268,483.5489952,18.090744,0.50886,0.357744000000002,0.0308400000000208,18.423816,1.02
589,1767,441,1118847155600,5.1345516,485.3620788,18.146256,0.410172,0.3762479999999968,0.0925199999999737,18.417648,1.01
589,1768,441,1118847155700,5.1681672,487.1760876,18.207936,0.8326800000000001,0.3361560000000008,0.2004599999999801,18.402228,1.01
589,1769,441,1118847155800,5.1882132,488.99904,18.300456,1.100988,0.2004599999999978,0.6784800000000146,18.39606,1.01
589,1770,441,1118847155900,5.201166,490.835562,18.399144,0.915948,0.1295279999999987,0.3546599999999955,18.423816,1.0
589,1771,441,1118847156000,5.2023996,492.682878,18.466992,0.499608,0.0123359999999994,0.5859599999999965,18.47316,1.0
589,1772,441,1118847156100,5.2017828,494.53482,18.500916,0.12336,0.0061679999999952,0.0925199999999737,18.528672,1.0
589,1773,441,1118847156200,5.2030164,496.386762,18.507084,-0.040092,0.0123359999999994,0.0925199999999737,18.56568,1.0
589,1774,441,1118847156300,5.20425,498.237162,18.504,-0.027756,0.0123359999999994,0.0,18.593436,1.0
589,1775,441,1118847156400,5.2051752,500.0875620000001,18.504,0.0,0.0092520000000018,0.0154199999999882,18.624276,1.01
589,1776,441,1118847156500,5.2064088,501.9376536,18.504,0.006168,0.0123359999999994,0.0154199999999882,18.6582,1.01
589,1777,441,1118847156600,5.2076424,503.7886704,18.497832,-0.074016,0.0123359999999994,0.0,18.68904,1.01
589,1778,441,1118847156700,5.2085676,505.6329024,18.541008,0.700068,0.0092520000000018,0.0154199999999882,18.722964,1.01
589,1779,441,1118847156800,5.2098012,507.482994,18.682872,1.986096,0.0123359999999994,0.0154199999999882,18.756888,1.0
589,1780,441,1118847156900,5.211034799999999,509.3568324,18.8895,2.538132,0.0123359999999905,4.440892098500626e-14,18.75072,0.99
589,1781,441,1118847157000,5.1709428,511.2596604,19.114632,2.164968,0.4009199999999957,2.0662799999999315,18.701376,0.98
589,1782,441,1118847157100,5.1422616,513.1917864000001,19.268832,0.80184,0.286811999999994,0.5705400000000083,18.633528,0.97
589,1783,441,1118847157200,5.124066,515.1331643999999,19.262664,-0.7370760000000001,0.1819560000000031,0.5242799999999548,18.590352,0.97
589,1784,441,1118847157300,5.105562,517.0622064,19.142388,-1.794888,0.1850400000000007,0.0154199999999882,18.599604000000003,0.97
589,1785,441,1118847157400,5.0694792,518.9671932,19.000524,-1.575924,0.3608279999999997,0.8789399999999947,18.648948,0.98
589,1786,441,1118847157500,5.0355552,520.8478164,18.938844,0.26214,0.3392399999999984,0.1079400000000063,18.710628,0.99
589,1787,441,1118847157600,5.001014400000001,522.7305984000001,19.040616,2.0261880000000003,0.3454079999999937,0.0308399999999764,18.772308,0.99
589,1788,441,1118847157700,4.9707912,524.6399028,19.265748,2.6614920000000004,0.3022320000000089,0.2158799999999239,18.803148,0.98
589,1789,441,1118847157800,4.9414932,526.5862152000001,19.472376,1.717788,0.2929799999999982,0.0462600000000534,18.800064,0.97
589,1790,441,1118847157900,4.91127,528.5488728,19.5834,0.536616,0.302232,0.046260000000009,18.78156,0.96
589,1791,441,1118847158000,4.8853644,530.5109136,19.666668,0.576708,0.2590559999999975,0.2158800000000127,18.759972,0.95
589,1792,441,1118847158100,4.8699444000000005,532.4775804,19.756104,1.193508,0.1541999999999976,0.5242799999999992,18.738384,0.95
589,1793,441,1118847158200,4.879504799999999,534.4550412,19.870212,1.5635880000000002,0.0956039999999891,1.249019999999934,18.716796,0.94
589,1794,441,1118847158300,4.8890652,536.451006,20.021328,1.298364,0.0956040000000069,8.881784197001252e-14,18.679788,0.93
589,1795,441,1118847158400,4.8983172,538.4611572,20.163192,1.298364,0.0925200000000003,0.0154200000000326,18.62736,0.92
589,1796,441,1118847158500,4.9029432,540.4814856,20.295804,1.600596,0.0462600000000001,0.2313000000000009,18.55026,0.91
589,1797,441,1118847158600,4.917438000000001,542.520318,20.434584,1.286028,0.1449480000000047,0.4934400000000227,18.451572,0.9
589,1798,441,1118847158700,4.9273068,544.5724116,20.561028,1.030056,0.0986879999999956,0.2313000000000453,18.340548,0.89
589,1799,441,1118847158800,4.937175600000001,546.6319068,20.684388,1.3723800000000002,0.0986880000000045,4.440892098500626e-14,18.22644,0.88
589,1800,441,1118847158900,4.942726800000001,548.7034296,20.84784,1.91208,0.055512000000002,0.2158800000000127,18.10308,0.87
589,1801,441,1118847159000,4.956913200000001,550.8014748,20.992788,1.298364,0.1418639999999982,0.431759999999981,17.9643,0.86
589,1802,441,1118847159100,4.966782,552.9161736,21.042132,-0.13878,0.0986879999999956,0.2158800000000127,17.865612,0.85
589,1803,441,1118847159200,4.974492,555.0237792,21.023628,-0.672312,0.0770999999999944,0.1079400000000063,17.819352000000002,0.85
589,1804,441,1118847159300,4.9707912,557.1181236,21.020544,0.265224,0.0370079999999983,0.5705399999999639,17.834772,0.85
589,1805,441,1118847159400,4.9612308,559.2109260000001,21.113064,1.810308,0.095603999999998,0.2929799999999982,17.905704,0.85
589,1806,441,1118847159500,4.95753,561.3274752,21.298104,2.180388,0.0370079999999983,0.2929799999999982,17.992056,0.84
589,1807,441,1118847159600,4.9584552,563.4736308,21.470808,1.353876,0.0092520000000018,0.2313000000000009,18.032148,0.84
589,1808,441,1118847159700,4.9541376,565.6336643999999,21.563328,0.44718,0.0431760000000025,0.2621400000000218,18.02598,0.84
589,1809,441,1118847159800,4.9501284,567.7958568,21.588,-0.067848,0.0400920000000049,0.0154199999999882,17.976636,0.83
589,1810,441,1118847159900,4.945810799999999,569.9521896,21.609588,0.311484,0.0431760000000025,0.0154199999999882,17.893368000000002,0.83
589,1811,441,1118847160000,4.935942,572.1091392,21.686688,1.196592,0.0986879999999956,0.2775599999999656,17.773092000000002,0.82
589,1812,441,1118847160100,4.9310076,574.2774995999999,21.85014,2.121792,0.0493439999999978,0.2467199999999891,17.606556,0.81
589,1813,441,1118847160200,4.9772676,576.4717656,22.059852,2.257488,0.4626000000000019,2.5597199999999987,17.409180000000003,0.79
589,1814,441,1118847160300,5.059302000000001,578.703348,22.149288,0.04626,0.820344000000004,1.7887200000000103,17.177880000000002,0.78
589,1815,441,1118847160400,5.202708,580.9389396,21.979668,-3.247452,1.434059999999997,3.068579999999965,16.949664000000002,0.77
589,1816,441,1118847160500,5.2893684,583.1143932,21.584916,-3.45408,0.8666039999999953,2.8372800000000087,16.780044,0.78
589,1817,441,1118847160600,5.3504316,585.2466708,21.045216,-3.45408,0.6106320000000043,1.279859999999955,16.656684,0.79
589,1818,441,1118847160700,5.3658516,587.3268288,20.520936000000003,-3.45408,0.1541999999999976,2.282160000000033,16.59192,0.81
589,1819,441,1118847160800,5.33532,589.3567176,20.178612,-2.686164,0.3053159999999977,2.297579999999977,16.567248,0.82
589,1820,441,1118847160900,5.2631544,591.343122,20.067588,0.2313,0.7216559999999994,2.0817000000000085,16.548744,0.82
589,1821,441,1118847161000,5.245884,593.3295264,20.224872,3.262872,0.1727040000000013,2.7447599999999905,16.520988,0.82
589,1822,441,1118847161100,5.2446504,595.3668168,20.545608,3.45408,0.0123359999999994,0.8018400000000092,16.450056,0.8
589,1823,441,1118847161200,5.27364,597.4522175999999,20.767656,1.2551880000000002,0.2898960000000006,1.5111600000000005,16.366788,0.79
589,1824,441,1118847161300,5.323909200000001,599.5567392,20.730648,-2.038524,0.5026920000000068,1.063980000000031,16.277352,0.79
589,1825,441,1118847161400,5.344263600000001,601.62672,20.443836,-3.45408,0.2035439999999955,1.4957400000000565,16.212588,0.79
589,1826,441,1118847161500,5.3572164,603.6547584,20.079924,-3.45408,0.1295279999999987,0.3700799999999837,16.187916,0.81
589,1827,441,1118847161600,5.326068,605.63592,19.8147,-1.853484,0.3114840000000018,2.205060000000003,16.212588,0.82
589,1828,441,1118847161700,5.326068,607.6016616,19.641996,-1.122576,0.0,1.5574200000000094,16.249596,0.83
589,1829,441,1118847161800,5.3572164,609.557226,19.55256,-0.795672,0.3114840000000018,1.5574200000000094,16.29894,0.83
589,1830,441,1118847161900,5.397308400000001,611.5112484,19.469292000000003,-0.98688,0.4009200000000046,0.4471800000000137,16.351368,0.84
589,1831,441,1118847162000,5.4118032,613.4501592,19.376772,-0.6661440000000001,0.1449479999999869,1.279860000000088,16.4223,0.85
589,1832,441,1118847162100,5.398542,615.3801264,19.3521,-0.052428,0.1326119999999964,1.3877999999999169,16.480896,0.85
589,1833,441,1118847162200,5.3667768,617.3097852,19.404528000000003,0.934452,0.3176519999999971,0.9252000000000038,16.493232,0.85
589,1834,441,1118847162300,5.338404,619.2459204,19.546392,2.155716,0.2837280000000053,0.1696199999999592,16.462392,0.84
589,1835,441,1118847162400,5.315274,621.2107368,19.756104,2.171136,0.2313000000000009,0.2621400000000218,16.388376,0.83
589,1836,441,1118847162500,5.29677,623.202384,19.925724,1.3569600000000002,0.1850399999999918,0.2313000000000453,16.292772,0.82
589,1837,441,1118847162600,5.2730232,625.2076008,20.021328,0.502692,0.2374680000000051,0.2621400000000662,16.194084,0.81
589,1838,441,1118847162700,5.2492764,627.2159015999999,20.052168,-0.01542,0.2374679999999962,4.440892098500626e-14,16.089228000000002,0.8
589,1839,441,1118847162800,5.2255296,629.2254360000001,20.01516,-0.604464,0.2374680000000051,4.440892098500626e-14,15.965868000000002,0.8
589,1840,441,1118847162900,5.2017828,631.2260268,19.934976,-0.98688,0.2374679999999962,4.440892098500626e-14,15.830172,0.79
589,1841,441,1118847163000,5.1783444,633.2118144,19.882548,-0.471852,0.2343839999999986,0.0154199999999882,15.69756,0.79
589,1842,441,1118847163100,5.154906,635.1923591999999,19.882548,0.47802,0.2343839999999986,0.0,15.564948,0.78
589,1843,441,1118847163200,5.154906,637.1784552,19.938060000000004,0.993048,0.0,1.171919999999993,15.429252,0.77
589,1844,441,1118847163300,5.1545976,639.1793544,20.012076,0.530448,0.0030840000000065,0.0154200000000326,15.278136,0.76
